"filename", "language", "C++", "Slang", "JSON", "CMake", "CMake Cache", "YAML", "Markdown", "GLSL", "Batch", "C", "reStructuredText", "PostCSS", "pip requirements", "HTML", "Python", "Rust", "XML", "JavaScript", "comment", "blank", "total"
"/Users/brianpark/Desktop/Code/My Game/CMake/Findfastgltf.cmake", "CMake", 0, 0, 0, 7, 0, 0, 0, 0, 0, 0, 0, 0, 0, 0, 0, 0, 0, 0, 0, 1, 8
"/Users/brianpark/Desktop/Code/My Game/CMake/Findglm.cmake", "CMake", 0, 0, 0, 83, 0, 0, 0, 0, 0, 0, 0, 0, 0, 0, 0, 0, 0, 0, 34, 17, 134
"/Users/brianpark/Desktop/Code/My Game/CMake/Findnlohmann_json.cmake", "CMake", 0, 0, 0, 107, 0, 0, 0, 0, 0, 0, 0, 0, 0, 0, 0, 0, 0, 0, 32, 16, 155
"/Users/brianpark/Desktop/Code/My Game/CMake/Findvma.cmake", "CMake", 0, 0, 0, 8, 0, 0, 0, 0, 0, 0, 0, 0, 0, 0, 0, 0, 0, 0, 0, 1, 9
"/Users/brianpark/Desktop/Code/My Game/CMakeLists.txt", "CMake", 0, 0, 0, 95, 0, 0, 0, 0, 0, 0, 0, 0, 0, 0, 0, 0, 0, 0, 6, 23, 124
"/Users/brianpark/Desktop/Code/My Game/build/.cmake/api/v1/query/client-vscode/query.json", "JSON", 0, 0, 1, 0, 0, 0, 0, 0, 0, 0, 0, 0, 0, 0, 0, 0, 0, 0, 0, 0, 1
"/Users/brianpark/Desktop/Code/My Game/build/.cmake/api/v1/reply/cache-v2-4a2f1c5fbb840a976ee4.json", "JSON", 0, 0, 2679, 0, 0, 0, 0, 0, 0, 0, 0, 0, 0, 0, 0, 0, 0, 0, 0, 1, 2680
"/Users/brianpark/Desktop/Code/My Game/build/.cmake/api/v1/reply/cmakeFiles-v1-deba320072694707c63b.json", "JSON", 0, 0, 601, 0, 0, 0, 0, 0, 0, 0, 0, 0, 0, 0, 0, 0, 0, 0, 0, 1, 602
"/Users/brianpark/Desktop/Code/My Game/build/.cmake/api/v1/reply/codemodel-v2-846b1f612f6fbc7389f1.json", "JSON", 0, 0, 272, 0, 0, 0, 0, 0, 0, 0, 0, 0, 0, 0, 0, 0, 0, 0, 0, 1, 273
"/Users/brianpark/Desktop/Code/My Game/build/.cmake/api/v1/reply/directory-.-Debug-fd6451d79dc282e2f566.json", "JSON", 0, 0, 19, 0, 0, 0, 0, 0, 0, 0, 0, 0, 0, 0, 0, 0, 0, 0, 0, 1, 20
"/Users/brianpark/Desktop/Code/My Game/build/.cmake/api/v1/reply/directory-_deps.fastgltf-build-Debug-5ad4a155b96a4de27442.json", "JSON", 0, 0, 113, 0, 0, 0, 0, 0, 0, 0, 0, 0, 0, 0, 0, 0, 0, 0, 0, 1, 114
"/Users/brianpark/Desktop/Code/My Game/build/.cmake/api/v1/reply/directory-_deps.vma-build-Debug-928336be3528401670cd.json", "JSON", 0, 0, 19, 0, 0, 0, 0, 0, 0, 0, 0, 0, 0, 0, 0, 0, 0, 0, 0, 1, 20
"/Users/brianpark/Desktop/Code/My Game/build/.cmake/api/v1/reply/index-2026-07-07T03-40-26-0877.json", "JSON", 0, 0, 132, 0, 0, 0, 0, 0, 0, 0, 0, 0, 0, 0, 0, 0, 0, 0, 0, 1, 133
"/Users/brianpark/Desktop/Code/My Game/build/.cmake/api/v1/reply/target-Git__Git-Debug-2c633a16bcbff4689247.json", "JSON", 0, 0, 122, 0, 0, 0, 0, 0, 0, 0, 0, 0, 0, 0, 0, 0, 0, 0, 0, 1, 123
"/Users/brianpark/Desktop/Code/My Game/build/.cmake/api/v1/reply/target-KTX__ktx-Debug-662ecb66619cfb1db159.json", "JSON", 0, 0, 104, 0, 0, 0, 0, 0, 0, 0, 0, 0, 0, 0, 0, 0, 0, 0, 0, 1, 105
"/Users/brianpark/Desktop/Code/My Game/build/.cmake/api/v1/reply/target-MyGame-Debug-7c7ff6e6e2a6dc5fc69c.json", "JSON", 0, 0, 529, 0, 0, 0, 0, 0, 0, 0, 0, 0, 0, 0, 0, 0, 0, 0, 0, 1, 530
"/Users/brianpark/Desktop/Code/My Game/build/.cmake/api/v1/reply/target-Threads__Threads-Debug-a5436d17b9657b53e4d3.json", "JSON", 0, 0, 81, 0, 0, 0, 0, 0, 0, 0, 0, 0, 0, 0, 0, 0, 0, 0, 0, 1, 82
"/Users/brianpark/Desktop/Code/My Game/build/.cmake/api/v1/reply/target-VulkanCppModule-Debug-a2b2d510b9cc8e703904.json", "JSON", 0, 0, 62, 0, 0, 0, 0, 0, 0, 0, 0, 0, 0, 0, 0, 0, 0, 0, 0, 1, 63
"/Users/brianpark/Desktop/Code/My Game/build/.cmake/api/v1/reply/target-VulkanMemoryAllocator-Debug-6f69c28caaacb2452b99.json", "JSON", 0, 0, 41, 0, 0, 0, 0, 0, 0, 0, 0, 0, 0, 0, 0, 0, 0, 0, 0, 1, 42
"/Users/brianpark/Desktop/Code/My Game/build/.cmake/api/v1/reply/target-Vulkan__Headers-Debug-d15e7cc4c94d5774091a.json", "JSON", 0, 0, 55, 0, 0, 0, 0, 0, 0, 0, 0, 0, 0, 0, 0, 0, 0, 0, 0, 1, 56
"/Users/brianpark/Desktop/Code/My Game/build/.cmake/api/v1/reply/target-Vulkan__Vulkan-Debug-1d62074e9d95cfbb6000.json", "JSON", 0, 0, 55, 0, 0, 0, 0, 0, 0, 0, 0, 0, 0, 0, 0, 0, 0, 0, 0, 1, 56
"/Users/brianpark/Desktop/Code/My Game/build/.cmake/api/v1/reply/target-Vulkan__glslangValidator-Debug-b7ecccbcb63d79d3854c.json", "JSON", 0, 0, 62, 0, 0, 0, 0, 0, 0, 0, 0, 0, 0, 0, 0, 0, 0, 0, 0, 1, 63
"/Users/brianpark/Desktop/Code/My Game/build/.cmake/api/v1/reply/target-Vulkan__glslc-Debug-e6214595f9a74ba07b2a.json", "JSON", 0, 0, 62, 0, 0, 0, 0, 0, 0, 0, 0, 0, 0, 0, 0, 0, 0, 0, 0, 1, 63
"/Users/brianpark/Desktop/Code/My Game/build/.cmake/api/v1/reply/target-fastgltf-Debug-94230134d90483e23641.json", "JSON", 0, 0, 348, 0, 0, 0, 0, 0, 0, 0, 0, 0, 0, 0, 0, 0, 0, 0, 0, 1, 349
"/Users/brianpark/Desktop/Code/My Game/build/.cmake/api/v1/reply/target-foo-Debug-08dc91e436f2c84faf38.json", "JSON", 0, 0, 92, 0, 0, 0, 0, 0, 0, 0, 0, 0, 0, 0, 0, 0, 0, 0, 0, 1, 93
"/Users/brianpark/Desktop/Code/My Game/build/.cmake/api/v1/reply/target-glfw-Debug-6129ece4c72ab14d58e4.json", "JSON", 0, 0, 74, 0, 0, 0, 0, 0, 0, 0, 0, 0, 0, 0, 0, 0, 0, 0, 0, 1, 75
"/Users/brianpark/Desktop/Code/My Game/build/.cmake/api/v1/reply/target-glm__glm-Debug-d9ab258a312d0cf4be11.json", "JSON", 0, 0, 55, 0, 0, 0, 0, 0, 0, 0, 0, 0, 0, 0, 0, 0, 0, 0, 0, 1, 56
"/Users/brianpark/Desktop/Code/My Game/build/.cmake/api/v1/reply/target-simdjson__simdjson-Debug-e843825363b223f1a679.json", "JSON", 0, 0, 106, 0, 0, 0, 0, 0, 0, 0, 0, 0, 0, 0, 0, 0, 0, 0, 0, 1, 107
"/Users/brianpark/Desktop/Code/My Game/build/.cmake/api/v1/reply/target-simdjson__simdjson_static-Debug-0e15fd9be35e5db5002c.json", "JSON", 0, 0, 106, 0, 0, 0, 0, 0, 0, 0, 0, 0, 0, 0, 0, 0, 0, 0, 0, 1, 107
"/Users/brianpark/Desktop/Code/My Game/build/.cmake/api/v1/reply/toolchains-v1-2460186c46586a833cf2.json", "JSON", 0, 0, 91, 0, 0, 0, 0, 0, 0, 0, 0, 0, 0, 0, 0, 0, 0, 0, 0, 1, 92
"/Users/brianpark/Desktop/Code/My Game/build/CMakeCache.txt", "CMake Cache", 0, 0, 0, 0, 556, 0, 0, 0, 0, 0, 0, 0, 0, 0, 0, 0, 0, 0, 0, 139, 695
"/Users/brianpark/Desktop/Code/My Game/build/CMakeFiles/4.3.0/CMakeCCompiler.cmake", "CMake", 0, 0, 0, 67, 0, 0, 0, 0, 0, 0, 0, 0, 0, 0, 0, 0, 0, 0, 1, 18, 86
"/Users/brianpark/Desktop/Code/My Game/build/CMakeFiles/4.3.0/CMakeCXXCompiler.cmake", "CMake", 0, 0, 0, 81, 0, 0, 0, 0, 0, 0, 0, 0, 0, 0, 0, 0, 0, 0, 1, 21, 103
"/Users/brianpark/Desktop/Code/My Game/build/CMakeFiles/4.3.0/CMakeSystem.cmake", "CMake", 0, 0, 0, 10, 0, 0, 0, 0, 0, 0, 0, 0, 0, 0, 0, 0, 0, 0, 0, 6, 16
"/Users/brianpark/Desktop/Code/My Game/build/CMakeFiles/4.3.0/CompilerIdC/CMakeCCompilerId.c", "C", 0, 0, 0, 0, 0, 0, 0, 0, 0, 711, 0, 0, 0, 0, 0, 0, 0, 0, 62, 162, 935
"/Users/brianpark/Desktop/Code/My Game/build/CMakeFiles/4.3.0/CompilerIdC/apple-sdk.c", "C", 0, 0, 0, 0, 0, 0, 0, 0, 0, 1, 0, 0, 0, 0, 0, 0, 0, 0, 0, 1, 2
"/Users/brianpark/Desktop/Code/My Game/build/CMakeFiles/4.3.0/CompilerIdCXX/CMakeCXXCompilerId.cpp", "C++", 729, 0, 0, 0, 0, 0, 0, 0, 0, 0, 0, 0, 0, 0, 0, 0, 0, 0, 63, 158, 950
"/Users/brianpark/Desktop/Code/My Game/build/CMakeFiles/4.3.0/CompilerIdCXX/apple-sdk.cpp", "C++", 1, 0, 0, 0, 0, 0, 0, 0, 0, 0, 0, 0, 0, 0, 0, 0, 0, 0, 0, 1, 2
"/Users/brianpark/Desktop/Code/My Game/build/CMakeFiles/CMakeConfigureLog.yaml", "YAML", 0, 0, 0, 0, 0, 4537, 0, 0, 0, 0, 0, 0, 0, 0, 0, 0, 0, 0, 64, 30, 4631
"/Users/brianpark/Desktop/Code/My Game/build/CMakeFiles/InstallScripts.json", "JSON", 0, 0, 9, 0, 0, 0, 0, 0, 0, 0, 0, 0, 0, 0, 0, 0, 0, 0, 0, 1, 10
"/Users/brianpark/Desktop/Code/My Game/build/CMakeFiles/MyGame.dir/CXXDependInfo.json", "JSON", 0, 0, 54, 0, 0, 0, 0, 0, 0, 0, 0, 0, 0, 0, 0, 0, 0, 0, 0, 0, 54
"/Users/brianpark/Desktop/Code/My Game/build/CMakeFiles/MyGame.dir/CXXModules.json", "JSON", 0, 0, 5, 0, 0, 0, 0, 0, 0, 0, 0, 0, 0, 0, 0, 0, 0, 0, 0, 0, 5
"/Users/brianpark/Desktop/Code/My Game/build/CMakeFiles/MyGame.dir/cmake_pch.hxx", "C++", 5, 0, 0, 0, 0, 0, 0, 0, 0, 0, 0, 0, 0, 0, 0, 0, 0, 0, 1, 2, 8
"/Users/brianpark/Desktop/Code/My Game/build/CMakeFiles/MyGame.dir/cmake_pch.hxx.cxx", "C++", 0, 0, 0, 0, 0, 0, 0, 0, 0, 0, 0, 0, 0, 0, 0, 0, 0, 0, 1, 1, 2
"/Users/brianpark/Desktop/Code/My Game/build/CMakeFiles/fc-tmp/fastgltf/download.cmake", "CMake", 0, 0, 0, 5, 0, 0, 0, 0, 0, 0, 0, 0, 0, 0, 0, 0, 0, 0, 0, 5, 10
"/Users/brianpark/Desktop/Code/My Game/build/CMakeFiles/fc-tmp/fastgltf/fastgltf-gitclone.cmake", "CMake", 0, 0, 0, 72, 0, 0, 0, 0, 0, 0, 0, 0, 0, 0, 0, 0, 0, 0, 7, 9, 88
"/Users/brianpark/Desktop/Code/My Game/build/CMakeFiles/fc-tmp/fastgltf/fastgltf-gitupdate.cmake", "CMake", 0, 0, 0, 236, 0, 0, 0, 0, 0, 0, 0, 0, 0, 0, 0, 0, 0, 0, 52, 30, 318
"/Users/brianpark/Desktop/Code/My Game/build/CMakeFiles/fc-tmp/fastgltf/patch.cmake", "CMake", 0, 0, 0, 4, 0, 0, 0, 0, 0, 0, 0, 0, 0, 0, 0, 0, 0, 0, 0, 6, 10
"/Users/brianpark/Desktop/Code/My Game/build/CMakeFiles/fc-tmp/fastgltf/update.cmake", "CMake", 0, 0, 0, 5, 0, 0, 0, 0, 0, 0, 0, 0, 0, 0, 0, 0, 0, 0, 0, 5, 10
"/Users/brianpark/Desktop/Code/My Game/build/CMakeFiles/fc-tmp/vma/download.cmake", "CMake", 0, 0, 0, 5, 0, 0, 0, 0, 0, 0, 0, 0, 0, 0, 0, 0, 0, 0, 0, 5, 10
"/Users/brianpark/Desktop/Code/My Game/build/CMakeFiles/fc-tmp/vma/patch.cmake", "CMake", 0, 0, 0, 4, 0, 0, 0, 0, 0, 0, 0, 0, 0, 0, 0, 0, 0, 0, 0, 6, 10
"/Users/brianpark/Desktop/Code/My Game/build/CMakeFiles/fc-tmp/vma/update.cmake", "CMake", 0, 0, 0, 5, 0, 0, 0, 0, 0, 0, 0, 0, 0, 0, 0, 0, 0, 0, 0, 5, 10
"/Users/brianpark/Desktop/Code/My Game/build/CMakeFiles/fc-tmp/vma/vma-gitclone.cmake", "CMake", 0, 0, 0, 72, 0, 0, 0, 0, 0, 0, 0, 0, 0, 0, 0, 0, 0, 0, 7, 9, 88
"/Users/brianpark/Desktop/Code/My Game/build/CMakeFiles/fc-tmp/vma/vma-gitupdate.cmake", "CMake", 0, 0, 0, 236, 0, 0, 0, 0, 0, 0, 0, 0, 0, 0, 0, 0, 0, 0, 52, 30, 318
"/Users/brianpark/Desktop/Code/My Game/build/_deps/fastgltf-build/CMakeFiles/Export/14b504216a8c2b5661a6a7c88f3023ae/fastgltfConfig-debug.cmake", "CMake", 0, 0, 0, 9, 0, 0, 0, 0, 0, 0, 0, 0, 0, 0, 0, 0, 0, 0, 6, 5, 20
"/Users/brianpark/Desktop/Code/My Game/build/_deps/fastgltf-build/CMakeFiles/Export/14b504216a8c2b5661a6a7c88f3023ae/fastgltfConfig.cmake", "CMake", 0, 0, 0, 83, 0, 0, 0, 0, 0, 0, 0, 0, 0, 0, 0, 0, 0, 0, 14, 13, 110
"/Users/brianpark/Desktop/Code/My Game/build/_deps/fastgltf-build/cmake_install.cmake", "CMake", 0, 0, 0, 77, 0, 0, 0, 0, 0, 0, 0, 0, 0, 0, 0, 0, 0, 0, 6, 11, 94
"/Users/brianpark/Desktop/Code/My Game/build/_deps/fastgltf-build/fastgltfConfigVersion.cmake", "CMake", 0, 0, 0, 44, 0, 0, 0, 0, 0, 0, 0, 0, 0, 0, 0, 0, 0, 0, 12, 10, 66
"/Users/brianpark/Desktop/Code/My Game/build/_deps/fastgltf-src/.github/workflows/ci_arm.yml", "YAML", 0, 0, 0, 0, 0, 38, 0, 0, 0, 0, 0, 0, 0, 0, 0, 0, 0, 0, 0, 11, 49
"/Users/brianpark/Desktop/Code/My Game/build/_deps/fastgltf-src/.github/workflows/ci_x64.yml", "YAML", 0, 0, 0, 0, 0, 161, 0, 0, 0, 0, 0, 0, 0, 0, 0, 0, 0, 0, 3, 35, 199
"/Users/brianpark/Desktop/Code/My Game/build/_deps/fastgltf-src/.readthedocs.yaml", "YAML", 0, 0, 0, 0, 0, 19, 0, 0, 0, 0, 0, 0, 0, 0, 0, 0, 0, 0, 3, 5, 27
"/Users/brianpark/Desktop/Code/My Game/build/_deps/fastgltf-src/CMakeLists.txt", "CMake", 0, 0, 0, 134, 0, 0, 0, 0, 0, 0, 0, 0, 0, 0, 0, 0, 0, 0, 4, 31, 169
"/Users/brianpark/Desktop/Code/My Game/build/_deps/fastgltf-src/LICENSE.md", "Markdown", 0, 0, 0, 0, 0, 0, 18, 0, 0, 0, 0, 0, 0, 0, 0, 0, 0, 0, 0, 5, 23
"/Users/brianpark/Desktop/Code/My Game/build/_deps/fastgltf-src/README.md", "Markdown", 0, 0, 0, 0, 0, 0, 33, 0, 0, 0, 0, 0, 0, 0, 0, 0, 0, 0, 0, 15, 48
"/Users/brianpark/Desktop/Code/My Game/build/_deps/fastgltf-src/cmake/add_source_directory.cmake", "CMake", 0, 0, 0, 11, 0, 0, 0, 0, 0, 0, 0, 0, 0, 0, 0, 0, 0, 0, 3, 3, 17
"/Users/brianpark/Desktop/Code/My Game/build/_deps/fastgltf-src/cmake/compilers.cmake", "CMake", 0, 0, 0, 35, 0, 0, 0, 0, 0, 0, 0, 0, 0, 0, 0, 0, 0, 0, 7, 6, 48
"/Users/brianpark/Desktop/Code/My Game/build/_deps/fastgltf-src/cmake/dependencies.cmake", "CMake", 0, 0, 0, 158, 0, 0, 0, 0, 0, 0, 0, 0, 0, 0, 0, 0, 0, 0, 18, 39, 215
"/Users/brianpark/Desktop/Code/My Game/build/_deps/fastgltf-src/docs/CMakeLists.txt", "CMake", 0, 0, 0, 51, 0, 0, 0, 0, 0, 0, 0, 0, 0, 0, 0, 0, 0, 0, 5, 13, 69
"/Users/brianpark/Desktop/Code/My Game/build/_deps/fastgltf-src/docs/_static/style.css", "PostCSS", 0, 0, 0, 0, 0, 0, 0, 0, 0, 0, 0, 3, 0, 0, 0, 0, 0, 0, 0, 1, 4
"/Users/brianpark/Desktop/Code/My Game/build/_deps/fastgltf-src/docs/_templates/layout.html", "HTML", 0, 0, 0, 0, 0, 0, 0, 0, 0, 0, 0, 0, 0, 4, 0, 0, 0, 0, 0, 1, 5
"/Users/brianpark/Desktop/Code/My Game/build/_deps/fastgltf-src/docs/api.rst", "reStructuredText", 0, 0, 0, 0, 0, 0, 0, 0, 0, 0, 186, 0, 0, 0, 0, 0, 0, 0, 79, 175, 440
"/Users/brianpark/Desktop/Code/My Game/build/_deps/fastgltf-src/docs/changelog.rst", "reStructuredText", 0, 0, 0, 0, 0, 0, 0, 0, 0, 0, 189, 0, 0, 0, 0, 0, 0, 0, 2, 24, 215
"/Users/brianpark/Desktop/Code/My Game/build/_deps/fastgltf-src/docs/guides.rst", "reStructuredText", 0, 0, 0, 0, 0, 0, 0, 0, 0, 0, 130, 0, 0, 0, 0, 0, 0, 0, 14, 60, 204
"/Users/brianpark/Desktop/Code/My Game/build/_deps/fastgltf-src/docs/index.rst", "reStructuredText", 0, 0, 0, 0, 0, 0, 0, 0, 0, 0, 26, 0, 0, 0, 0, 0, 0, 0, 1, 9, 36
"/Users/brianpark/Desktop/Code/My Game/build/_deps/fastgltf-src/docs/options.rst", "reStructuredText", 0, 0, 0, 0, 0, 0, 0, 0, 0, 0, 73, 0, 0, 0, 0, 0, 0, 0, 6, 45, 124
"/Users/brianpark/Desktop/Code/My Game/build/_deps/fastgltf-src/docs/overview.rst", "reStructuredText", 0, 0, 0, 0, 0, 0, 0, 0, 0, 0, 170, 0, 0, 0, 0, 0, 0, 0, 15, 55, 240
"/Users/brianpark/Desktop/Code/My Game/build/_deps/fastgltf-src/docs/requirements.txt", "pip requirements", 0, 0, 0, 0, 0, 0, 0, 0, 0, 0, 0, 0, 3, 0, 0, 0, 0, 0, 0, 1, 4
"/Users/brianpark/Desktop/Code/My Game/build/_deps/fastgltf-src/docs/tools.rst", "reStructuredText", 0, 0, 0, 0, 0, 0, 0, 0, 0, 0, 102, 0, 0, 0, 0, 0, 0, 0, 17, 56, 175
"/Users/brianpark/Desktop/Code/My Game/build/_deps/fastgltf-src/examples/CMakeLists.txt", "CMake", 0, 0, 0, 2, 0, 0, 0, 0, 0, 0, 0, 0, 0, 0, 0, 0, 0, 0, 0, 2, 4
"/Users/brianpark/Desktop/Code/My Game/build/_deps/fastgltf-src/examples/gl_viewer/CMakeLists.txt", "CMake", 0, 0, 0, 5, 0, 0, 0, 0, 0, 0, 0, 0, 0, 0, 0, 0, 0, 0, 0, 2, 7
"/Users/brianpark/Desktop/Code/My Game/build/_deps/fastgltf-src/examples/gl_viewer/README.md", "Markdown", 0, 0, 0, 0, 0, 0, 2, 0, 0, 0, 0, 0, 0, 0, 0, 0, 0, 0, 0, 2, 4
"/Users/brianpark/Desktop/Code/My Game/build/_deps/fastgltf-src/examples/gl_viewer/gl_viewer.cpp", "C++", 772, 0, 0, 0, 0, 0, 0, 0, 0, 0, 0, 0, 0, 0, 0, 0, 0, 0, 75, 161, 1008
"/Users/brianpark/Desktop/Code/My Game/build/_deps/fastgltf-src/include/fastgltf/base64.hpp", "C++", 45, 0, 0, 0, 0, 0, 0, 0, 0, 0, 0, 0, 0, 0, 0, 0, 0, 0, 35, 12, 92
"/Users/brianpark/Desktop/Code/My Game/build/_deps/fastgltf-src/include/fastgltf/core.hpp", "C++", 609, 0, 0, 0, 0, 0, 0, 0, 0, 0, 0, 0, 0, 0, 0, 0, 0, 0, 296, 174, 1079
"/Users/brianpark/Desktop/Code/My Game/build/_deps/fastgltf-src/include/fastgltf/dxmath_element_traits.hpp", "C++", 46, 0, 0, 0, 0, 0, 0, 0, 0, 0, 0, 0, 0, 0, 0, 0, 0, 0, 25, 25, 96
"/Users/brianpark/Desktop/Code/My Game/build/_deps/fastgltf-src/include/fastgltf/glm_element_traits.hpp", "C++", 51, 0, 0, 0, 0, 0, 0, 0, 0, 0, 0, 0, 0, 0, 0, 0, 0, 0, 27, 28, 106
"/Users/brianpark/Desktop/Code/My Game/build/_deps/fastgltf-src/include/fastgltf/math.hpp", "C++", 750, 0, 0, 0, 0, 0, 0, 0, 0, 0, 0, 0, 0, 0, 0, 0, 0, 0, 90, 112, 952
"/Users/brianpark/Desktop/Code/My Game/build/_deps/fastgltf-src/include/fastgltf/tools.hpp", "C++", 717, 0, 0, 0, 0, 0, 0, 0, 0, 0, 0, 0, 0, 0, 0, 0, 0, 0, 79, 145, 941
"/Users/brianpark/Desktop/Code/My Game/build/_deps/fastgltf-src/include/fastgltf/types.hpp", "C++", 1984, 0, 0, 0, 0, 0, 0, 0, 0, 0, 0, 0, 0, 0, 0, 0, 0, 0, 474, 462, 2920
"/Users/brianpark/Desktop/Code/My Game/build/_deps/fastgltf-src/include/fastgltf/util.hpp", "C++", 373, 0, 0, 0, 0, 0, 0, 0, 0, 0, 0, 0, 0, 0, 0, 0, 0, 0, 77, 49, 499
"/Users/brianpark/Desktop/Code/My Game/build/_deps/fastgltf-src/src/base64.cpp", "C++", 292, 0, 0, 0, 0, 0, 0, 0, 0, 0, 0, 0, 0, 0, 0, 0, 0, 0, 70, 80, 442
"/Users/brianpark/Desktop/Code/My Game/build/_deps/fastgltf-src/src/fastgltf.cpp", "C++", 6144, 0, 0, 0, 0, 0, 0, 0, 0, 0, 0, 0, 0, 0, 0, 0, 0, 0, 180, 939, 7263
"/Users/brianpark/Desktop/Code/My Game/build/_deps/fastgltf-src/src/fastgltf.ixx", "C++", 30, 0, 0, 0, 0, 0, 0, 0, 0, 0, 0, 0, 0, 0, 0, 0, 0, 0, 29, 9, 68
"/Users/brianpark/Desktop/Code/My Game/build/_deps/fastgltf-src/src/io.cpp", "C++", 355, 0, 0, 0, 0, 0, 0, 0, 0, 0, 0, 0, 0, 0, 0, 0, 0, 0, 48, 67, 470
"/Users/brianpark/Desktop/Code/My Game/build/_deps/fastgltf-src/tests/CMakeLists.txt", "CMake", 0, 0, 0, 45, 0, 0, 0, 0, 0, 0, 0, 0, 0, 0, 0, 0, 0, 0, 4, 10, 59
"/Users/brianpark/Desktop/Code/My Game/build/_deps/fastgltf-src/tests/README.md", "Markdown", 0, 0, 0, 0, 0, 0, 40, 0, 0, 0, 0, 0, 0, 0, 0, 0, 0, 0, 0, 13, 53
"/Users/brianpark/Desktop/Code/My Game/build/_deps/fastgltf-src/tests/accessor_tests.cpp", "C++", 270, 0, 0, 0, 0, 0, 0, 0, 0, 0, 0, 0, 0, 0, 0, 0, 0, 0, 8, 53, 331
"/Users/brianpark/Desktop/Code/My Game/build/_deps/fastgltf-src/tests/base64_tests.cpp", "C++", 88, 0, 0, 0, 0, 0, 0, 0, 0, 0, 0, 0, 0, 0, 0, 0, 0, 0, 4, 24, 116
"/Users/brianpark/Desktop/Code/My Game/build/_deps/fastgltf-src/tests/basic_test.cpp", "C++", 496, 0, 0, 0, 0, 0, 0, 0, 0, 0, 0, 0, 0, 0, 0, 0, 0, 0, 6, 115, 617
"/Users/brianpark/Desktop/Code/My Game/build/_deps/fastgltf-src/tests/benchmarks.cpp", "C++", 359, 0, 0, 0, 0, 0, 0, 0, 0, 0, 0, 0, 0, 0, 0, 0, 0, 0, 8, 63, 430
"/Users/brianpark/Desktop/Code/My Game/build/_deps/fastgltf-src/tests/extension_tests.cpp", "C++", 675, 0, 0, 0, 0, 0, 0, 0, 0, 0, 0, 0, 0, 0, 0, 0, 0, 0, 6, 144, 825
"/Users/brianpark/Desktop/Code/My Game/build/_deps/fastgltf-src/tests/glb_tests.cpp", "C++", 44, 0, 0, 0, 0, 0, 0, 0, 0, 0, 0, 0, 0, 0, 0, 0, 0, 0, 0, 13, 57
"/Users/brianpark/Desktop/Code/My Game/build/_deps/fastgltf-src/tests/gltf-rs/src/lib.rs", "Rust", 0, 0, 0, 0, 0, 0, 0, 0, 0, 0, 0, 0, 0, 0, 0, 43, 0, 0, 4, 8, 55
"/Users/brianpark/Desktop/Code/My Game/build/_deps/fastgltf-src/tests/gltf/basic_gltf.gltf", "JSON", 0, 0, 5, 0, 0, 0, 0, 0, 0, 0, 0, 0, 0, 0, 0, 0, 0, 0, 0, 1, 6
"/Users/brianpark/Desktop/Code/My Game/build/_deps/fastgltf-src/tests/gltf/empty_json.gltf", "JSON", 0, 0, 1, 0, 0, 0, 0, 0, 0, 0, 0, 0, 0, 0, 0, 0, 0, 0, 0, 1, 2
"/Users/brianpark/Desktop/Code/My Game/build/_deps/fastgltf-src/tests/gltf/godot_single_root_valid.gltf", "JSON", 0, 0, 24, 0, 0, 0, 0, 0, 0, 0, 0, 0, 0, 0, 0, 0, 0, 0, 0, 0, 24
"/Users/brianpark/Desktop/Code/My Game/build/_deps/fastgltf-src/tests/gltf/transform_matrices.gltf", "JSON", 0, 0, 40, 0, 0, 0, 0, 0, 0, 0, 0, 0, 0, 0, 0, 0, 0, 0, 0, 1, 41
"/Users/brianpark/Desktop/Code/My Game/build/_deps/fastgltf-src/tests/gltf_path.hpp", "C++", 7, 0, 0, 0, 0, 0, 0, 0, 0, 0, 0, 0, 0, 0, 0, 0, 0, 0, 2, 2, 11
"/Users/brianpark/Desktop/Code/My Game/build/_deps/fastgltf-src/tests/main.cpp", "C++", 22, 0, 0, 0, 0, 0, 0, 0, 0, 0, 0, 0, 0, 0, 0, 0, 0, 0, 2, 5, 29
"/Users/brianpark/Desktop/Code/My Game/build/_deps/fastgltf-src/tests/math_tests.cpp", "C++", 245, 0, 0, 0, 0, 0, 0, 0, 0, 0, 0, 0, 0, 0, 0, 0, 0, 0, 11, 41, 297
"/Users/brianpark/Desktop/Code/My Game/build/_deps/fastgltf-src/tests/optional_tests.cpp", "C++", 12, 0, 0, 0, 0, 0, 0, 0, 0, 0, 0, 0, 0, 0, 0, 0, 0, 0, 2, 5, 19
"/Users/brianpark/Desktop/Code/My Game/build/_deps/fastgltf-src/tests/uri_tests.cpp", "C++", 127, 0, 0, 0, 0, 0, 0, 0, 0, 0, 0, 0, 0, 0, 0, 0, 0, 0, 5, 27, 159
"/Users/brianpark/Desktop/Code/My Game/build/_deps/fastgltf-src/tests/util_tests.cpp", "C++", 34, 0, 0, 0, 0, 0, 0, 0, 0, 0, 0, 0, 0, 0, 0, 0, 0, 0, 4, 8, 46
"/Users/brianpark/Desktop/Code/My Game/build/_deps/fastgltf-src/tests/vector_tests.cpp", "C++", 106, 0, 0, 0, 0, 0, 0, 0, 0, 0, 0, 0, 0, 0, 0, 0, 0, 0, 0, 21, 127
"/Users/brianpark/Desktop/Code/My Game/build/_deps/fastgltf-src/tests/write_tests.cpp", "C++", 347, 0, 0, 0, 0, 0, 0, 0, 0, 0, 0, 0, 0, 0, 0, 0, 0, 0, 19, 87, 453
"/Users/brianpark/Desktop/Code/My Game/build/_deps/vma-build/cmake_install.cmake", "CMake", 0, 0, 0, 33, 0, 0, 0, 0, 0, 0, 0, 0, 0, 0, 0, 0, 0, 0, 6, 7, 46
"/Users/brianpark/Desktop/Code/My Game/build/_deps/vma-src/.github/workflows/linux.yaml", "YAML", 0, 0, 0, 0, 0, 102, 0, 0, 0, 0, 0, 0, 0, 0, 0, 0, 0, 0, 0, 11, 113
"/Users/brianpark/Desktop/Code/My Game/build/_deps/vma-src/.github/workflows/static_code_analysis.yaml", "YAML", 0, 0, 0, 0, 0, 63, 0, 0, 0, 0, 0, 0, 0, 0, 0, 0, 0, 0, 0, 13, 76
"/Users/brianpark/Desktop/Code/My Game/build/_deps/vma-src/.github/workflows/windows.yaml", "YAML", 0, 0, 0, 0, 0, 61, 0, 0, 0, 0, 0, 0, 0, 0, 0, 0, 0, 0, 0, 9, 70
"/Users/brianpark/Desktop/Code/My Game/build/_deps/vma-src/AGENTS.md", "Markdown", 0, 0, 0, 0, 0, 0, 67, 0, 0, 0, 0, 0, 0, 0, 0, 0, 0, 0, 0, 31, 98
"/Users/brianpark/Desktop/Code/My Game/build/_deps/vma-src/CHANGELOG.md", "Markdown", 0, 0, 0, 0, 0, 0, 194, 0, 0, 0, 0, 0, 0, 0, 0, 0, 0, 0, 0, 63, 257
"/Users/brianpark/Desktop/Code/My Game/build/_deps/vma-src/CMakeLists.txt", "CMake", 0, 0, 0, 37, 0, 0, 0, 0, 0, 0, 0, 0, 0, 0, 0, 0, 0, 0, 25, 11, 73
"/Users/brianpark/Desktop/Code/My Game/build/_deps/vma-src/README.md", "Markdown", 0, 0, 0, 0, 0, 0, 144, 0, 0, 0, 0, 0, 0, 0, 0, 0, 0, 0, 0, 48, 192
"/Users/brianpark/Desktop/Code/My Game/build/_deps/vma-src/docs/html/allocation_annotation.html", "HTML", 0, 0, 0, 0, 0, 0, 0, 0, 0, 0, 0, 0, 0, 147, 0, 0, 0, 0, 5, 3, 155
"/Users/brianpark/Desktop/Code/My Game/build/_deps/vma-src/docs/html/annotated.html", "HTML", 0, 0, 0, 0, 0, 0, 0, 0, 0, 0, 0, 0, 0, 133, 0, 0, 0, 0, 5, 3, 141
"/Users/brianpark/Desktop/Code/My Game/build/_deps/vma-src/docs/html/choosing_memory_type.html", "HTML", 0, 0, 0, 0, 0, 0, 0, 0, 0, 0, 0, 0, 0, 205, 0, 0, 0, 0, 5, 3, 213
"/Users/brianpark/Desktop/Code/My Game/build/_deps/vma-src/docs/html/classes.html", "HTML", 0, 0, 0, 0, 0, 0, 0, 0, 0, 0, 0, 0, 0, 110, 0, 0, 0, 0, 5, 3, 118
"/Users/brianpark/Desktop/Code/My Game/build/_deps/vma-src/docs/html/clipboard.js", "JavaScript", 0, 0, 0, 0, 0, 0, 0, 0, 0, 0, 0, 0, 0, 0, 0, 0, 0, 29, 30, 3, 62
"/Users/brianpark/Desktop/Code/My Game/build/_deps/vma-src/docs/html/codefolding.js", "JavaScript", 0, 0, 0, 0, 0, 0, 0, 0, 0, 0, 0, 0, 0, 0, 0, 0, 0, 97, 40, 7, 144
"/Users/brianpark/Desktop/Code/My Game/build/_deps/vma-src/docs/html/configuration.html", "HTML", 0, 0, 0, 0, 0, 0, 0, 0, 0, 0, 0, 0, 0, 136, 0, 0, 0, 0, 5, 3, 144
"/Users/brianpark/Desktop/Code/My Game/build/_deps/vma-src/docs/html/cookie.js", "JavaScript", 0, 0, 0, 0, 0, 0, 0, 0, 0, 0, 0, 0, 0, 0, 0, 0, 0, 50, 5, 4, 59
"/Users/brianpark/Desktop/Code/My Game/build/_deps/vma-src/docs/html/custom_memory_pools.html", "HTML", 0, 0, 0, 0, 0, 0, 0, 0, 0, 0, 0, 0, 0, 254, 0, 0, 0, 0, 5, 3, 262
"/Users/brianpark/Desktop/Code/My Game/build/_deps/vma-src/docs/html/debugging_memory_usage.html", "HTML", 0, 0, 0, 0, 0, 0, 0, 0, 0, 0, 0, 0, 0, 147, 0, 0, 0, 0, 5, 3, 155
"/Users/brianpark/Desktop/Code/My Game/build/_deps/vma-src/docs/html/defragmentation.html", "HTML", 0, 0, 0, 0, 0, 0, 0, 0, 0, 0, 0, 0, 0, 231, 0, 0, 0, 0, 5, 3, 239
"/Users/brianpark/Desktop/Code/My Game/build/_deps/vma-src/docs/html/deprecated.html", "HTML", 0, 0, 0, 0, 0, 0, 0, 0, 0, 0, 0, 0, 0, 121, 0, 0, 0, 0, 5, 3, 129
"/Users/brianpark/Desktop/Code/My Game/build/_deps/vma-src/docs/html/dir_d44c64559bbebec7f509842c48db8b23.html", "HTML", 0, 0, 0, 0, 0, 0, 0, 0, 0, 0, 0, 0, 0, 113, 0, 0, 0, 0, 5, 3, 121
"/Users/brianpark/Desktop/Code/My Game/build/_deps/vma-src/docs/html/doc.svg", "XML", 0, 0, 0, 0, 0, 0, 0, 0, 0, 0, 0, 0, 0, 0, 0, 0, 12, 0, 0, 1, 13
"/Users/brianpark/Desktop/Code/My Game/build/_deps/vma-src/docs/html/docd.svg", "XML", 0, 0, 0, 0, 0, 0, 0, 0, 0, 0, 0, 0, 0, 0, 0, 0, 12, 0, 0, 1, 13
"/Users/brianpark/Desktop/Code/My Game/build/_deps/vma-src/docs/html/doxygen.css", "PostCSS", 0, 0, 0, 0, 0, 0, 0, 0, 0, 0, 0, 2113, 0, 0, 0, 0, 0, 0, 51, 397, 2561
"/Users/brianpark/Desktop/Code/My Game/build/_deps/vma-src/docs/html/doxygen.svg", "XML", 0, 0, 0, 0, 0, 0, 0, 0, 0, 0, 0, 0, 0, 0, 0, 0, 28, 0, 0, 1, 29
"/Users/brianpark/Desktop/Code/My Game/build/_deps/vma-src/docs/html/doxygen_crawl.html", "HTML", 0, 0, 0, 0, 0, 0, 0, 0, 0, 0, 0, 0, 0, 463, 0, 0, 0, 0, 0, 1, 464
"/Users/brianpark/Desktop/Code/My Game/build/_deps/vma-src/docs/html/dynsections.js", "JavaScript", 0, 0, 0, 0, 0, 0, 0, 0, 0, 0, 0, 0, 0, 0, 0, 0, 0, 128, 48, 16, 192
"/Users/brianpark/Desktop/Code/My Game/build/_deps/vma-src/docs/html/enabling_buffer_device_address.html", "HTML", 0, 0, 0, 0, 0, 0, 0, 0, 0, 0, 0, 0, 0, 126, 0, 0, 0, 0, 5, 3, 134
"/Users/brianpark/Desktop/Code/My Game/build/_deps/vma-src/docs/html/faq.html", "HTML", 0, 0, 0, 0, 0, 0, 0, 0, 0, 0, 0, 0, 0, 182, 0, 0, 0, 0, 5, 3, 190
"/Users/brianpark/Desktop/Code/My Game/build/_deps/vma-src/docs/html/files.html", "HTML", 0, 0, 0, 0, 0, 0, 0, 0, 0, 0, 0, 0, 0, 110, 0, 0, 0, 0, 5, 3, 118
"/Users/brianpark/Desktop/Code/My Game/build/_deps/vma-src/docs/html/folderclosed.svg", "XML", 0, 0, 0, 0, 0, 0, 0, 0, 0, 0, 0, 0, 0, 0, 0, 0, 11, 0, 0, 1, 12
"/Users/brianpark/Desktop/Code/My Game/build/_deps/vma-src/docs/html/folderclosedd.svg", "XML", 0, 0, 0, 0, 0, 0, 0, 0, 0, 0, 0, 0, 0, 0, 0, 0, 11, 0, 0, 1, 12
"/Users/brianpark/Desktop/Code/My Game/build/_deps/vma-src/docs/html/folderopen.svg", "XML", 0, 0, 0, 0, 0, 0, 0, 0, 0, 0, 0, 0, 0, 0, 0, 0, 17, 0, 0, 1, 18
"/Users/brianpark/Desktop/Code/My Game/build/_deps/vma-src/docs/html/folderopend.svg", "XML", 0, 0, 0, 0, 0, 0, 0, 0, 0, 0, 0, 0, 0, 0, 0, 0, 12, 0, 0, 1, 13
"/Users/brianpark/Desktop/Code/My Game/build/_deps/vma-src/docs/html/functions.html", "HTML", 0, 0, 0, 0, 0, 0, 0, 0, 0, 0, 0, 0, 0, 217, 0, 0, 0, 0, 5, 29, 251
"/Users/brianpark/Desktop/Code/My Game/build/_deps/vma-src/docs/html/functions_vars.html", "HTML", 0, 0, 0, 0, 0, 0, 0, 0, 0, 0, 0, 0, 0, 217, 0, 0, 0, 0, 5, 29, 251
"/Users/brianpark/Desktop/Code/My Game/build/_deps/vma-src/docs/html/general_considerations.html", "HTML", 0, 0, 0, 0, 0, 0, 0, 0, 0, 0, 0, 0, 0, 162, 0, 0, 0, 0, 5, 3, 170
"/Users/brianpark/Desktop/Code/My Game/build/_deps/vma-src/docs/html/globals.html", "HTML", 0, 0, 0, 0, 0, 0, 0, 0, 0, 0, 0, 0, 0, 283, 0, 0, 0, 0, 5, 7, 295
"/Users/brianpark/Desktop/Code/My Game/build/_deps/vma-src/docs/html/globals_defs.html", "HTML", 0, 0, 0, 0, 0, 0, 0, 0, 0, 0, 0, 0, 0, 107, 0, 0, 0, 0, 5, 3, 115
"/Users/brianpark/Desktop/Code/My Game/build/_deps/vma-src/docs/html/globals_enum.html", "HTML", 0, 0, 0, 0, 0, 0, 0, 0, 0, 0, 0, 0, 0, 113, 0, 0, 0, 0, 5, 3, 121
"/Users/brianpark/Desktop/Code/My Game/build/_deps/vma-src/docs/html/globals_eval.html", "HTML", 0, 0, 0, 0, 0, 0, 0, 0, 0, 0, 0, 0, 0, 167, 0, 0, 0, 0, 5, 5, 177
"/Users/brianpark/Desktop/Code/My Game/build/_deps/vma-src/docs/html/globals_func.html", "HTML", 0, 0, 0, 0, 0, 0, 0, 0, 0, 0, 0, 0, 0, 181, 0, 0, 0, 0, 5, 5, 191
"/Users/brianpark/Desktop/Code/My Game/build/_deps/vma-src/docs/html/globals_type.html", "HTML", 0, 0, 0, 0, 0, 0, 0, 0, 0, 0, 0, 0, 0, 143, 0, 0, 0, 0, 5, 7, 155
"/Users/brianpark/Desktop/Code/My Game/build/_deps/vma-src/docs/html/group__group__alloc.html", "HTML", 0, 0, 0, 0, 0, 0, 0, 0, 0, 0, 0, 0, 0, 2651, 0, 0, 0, 0, 5, 218, 2874
"/Users/brianpark/Desktop/Code/My Game/build/_deps/vma-src/docs/html/group__group__init.html", "HTML", 0, 0, 0, 0, 0, 0, 0, 0, 0, 0, 0, 0, 0, 585, 0, 0, 0, 0, 5, 53, 643
"/Users/brianpark/Desktop/Code/My Game/build/_deps/vma-src/docs/html/group__group__stats.html", "HTML", 0, 0, 0, 0, 0, 0, 0, 0, 0, 0, 0, 0, 0, 440, 0, 0, 0, 0, 5, 38, 483
"/Users/brianpark/Desktop/Code/My Game/build/_deps/vma-src/docs/html/group__group__virtual.html", "HTML", 0, 0, 0, 0, 0, 0, 0, 0, 0, 0, 0, 0, 0, 562, 0, 0, 0, 0, 5, 61, 628
"/Users/brianpark/Desktop/Code/My Game/build/_deps/vma-src/docs/html/index.html", "HTML", 0, 0, 0, 0, 0, 0, 0, 0, 0, 0, 0, 0, 0, 208, 0, 0, 0, 0, 5, 3, 216
"/Users/brianpark/Desktop/Code/My Game/build/_deps/vma-src/docs/html/jquery.js", "JavaScript", 0, 0, 0, 0, 0, 0, 0, 0, 0, 0, 0, 0, 0, 0, 0, 0, 0, 177, 27, 1, 205
"/Users/brianpark/Desktop/Code/My Game/build/_deps/vma-src/docs/html/memory_mapping.html", "HTML", 0, 0, 0, 0, 0, 0, 0, 0, 0, 0, 0, 0, 0, 196, 0, 0, 0, 0, 5, 3, 204
"/Users/brianpark/Desktop/Code/My Game/build/_deps/vma-src/docs/html/menu.js", "JavaScript", 0, 0, 0, 0, 0, 0, 0, 0, 0, 0, 0, 0, 0, 0, 0, 0, 0, 416, 78, 76, 570
"/Users/brianpark/Desktop/Code/My Game/build/_deps/vma-src/docs/html/menudata.js", "JavaScript", 0, 0, 0, 0, 0, 0, 0, 0, 0, 0, 0, 0, 0, 0, 0, 0, 0, 51, 24, 1, 76
"/Users/brianpark/Desktop/Code/My Game/build/_deps/vma-src/docs/html/minus.svg", "XML", 0, 0, 0, 0, 0, 0, 0, 0, 0, 0, 0, 0, 0, 0, 0, 0, 8, 0, 0, 1, 9
"/Users/brianpark/Desktop/Code/My Game/build/_deps/vma-src/docs/html/minusd.svg", "XML", 0, 0, 0, 0, 0, 0, 0, 0, 0, 0, 0, 0, 0, 0, 0, 0, 8, 0, 0, 1, 9
"/Users/brianpark/Desktop/Code/My Game/build/_deps/vma-src/docs/html/navtree.css", "PostCSS", 0, 0, 0, 0, 0, 0, 0, 0, 0, 0, 0, 279, 0, 0, 0, 0, 0, 0, 2, 47, 328
"/Users/brianpark/Desktop/Code/My Game/build/_deps/vma-src/docs/html/other_api_interop.html", "HTML", 0, 0, 0, 0, 0, 0, 0, 0, 0, 0, 0, 0, 0, 264, 0, 0, 0, 0, 5, 3, 272
"/Users/brianpark/Desktop/Code/My Game/build/_deps/vma-src/docs/html/pages.html", "HTML", 0, 0, 0, 0, 0, 0, 0, 0, 0, 0, 0, 0, 0, 109, 0, 0, 0, 0, 5, 3, 117
"/Users/brianpark/Desktop/Code/My Game/build/_deps/vma-src/docs/html/plus.svg", "XML", 0, 0, 0, 0, 0, 0, 0, 0, 0, 0, 0, 0, 0, 0, 0, 0, 9, 0, 0, 1, 10
"/Users/brianpark/Desktop/Code/My Game/build/_deps/vma-src/docs/html/plusd.svg", "XML", 0, 0, 0, 0, 0, 0, 0, 0, 0, 0, 0, 0, 0, 0, 0, 0, 9, 0, 0, 1, 10
"/Users/brianpark/Desktop/Code/My Game/build/_deps/vma-src/docs/html/quick_start.html", "HTML", 0, 0, 0, 0, 0, 0, 0, 0, 0, 0, 0, 0, 0, 259, 0, 0, 0, 0, 5, 3, 267
"/Users/brianpark/Desktop/Code/My Game/build/_deps/vma-src/docs/html/resize.js", "JavaScript", 0, 0, 0, 0, 0, 0, 0, 0, 0, 0, 0, 0, 0, 0, 0, 0, 0, 96, 45, 7, 148
"/Users/brianpark/Desktop/Code/My Game/build/_deps/vma-src/docs/html/resource_aliasing.html", "HTML", 0, 0, 0, 0, 0, 0, 0, 0, 0, 0, 0, 0, 0, 191, 0, 0, 0, 0, 5, 3, 199
"/Users/brianpark/Desktop/Code/My Game/build/_deps/vma-src/docs/html/search/all_0.js", "JavaScript", 0, 0, 0, 0, 0, 0, 0, 0, 0, 0, 0, 0, 0, 0, 0, 0, 0, 36, 0, 1, 37
"/Users/brianpark/Desktop/Code/My Game/build/_deps/vma-src/docs/html/search/all_1.js", "JavaScript", 0, 0, 0, 0, 0, 0, 0, 0, 0, 0, 0, 0, 0, 0, 0, 0, 0, 12, 0, 1, 13
"/Users/brianpark/Desktop/Code/My Game/build/_deps/vma-src/docs/html/search/all_10.js", "JavaScript", 0, 0, 0, 0, 0, 0, 0, 0, 0, 0, 0, 0, 0, 0, 0, 0, 0, 11, 0, 1, 12
"/Users/brianpark/Desktop/Code/My Game/build/_deps/vma-src/docs/html/search/all_11.js", "JavaScript", 0, 0, 0, 0, 0, 0, 0, 0, 0, 0, 0, 0, 0, 0, 0, 0, 0, 16, 0, 1, 17
"/Users/brianpark/Desktop/Code/My Game/build/_deps/vma-src/docs/html/search/all_12.js", "JavaScript", 0, 0, 0, 0, 0, 0, 0, 0, 0, 0, 0, 0, 0, 0, 0, 0, 0, 10, 0, 1, 11
"/Users/brianpark/Desktop/Code/My Game/build/_deps/vma-src/docs/html/search/all_13.js", "JavaScript", 0, 0, 0, 0, 0, 0, 0, 0, 0, 0, 0, 0, 0, 0, 0, 0, 0, 15, 0, 1, 16
"/Users/brianpark/Desktop/Code/My Game/build/_deps/vma-src/docs/html/search/all_14.js", "JavaScript", 0, 0, 0, 0, 0, 0, 0, 0, 0, 0, 0, 0, 0, 0, 0, 0, 0, 222, 0, 1, 223
"/Users/brianpark/Desktop/Code/My Game/build/_deps/vma-src/docs/html/search/all_15.js", "JavaScript", 0, 0, 0, 0, 0, 0, 0, 0, 0, 0, 0, 0, 0, 0, 0, 0, 0, 8, 0, 1, 9
"/Users/brianpark/Desktop/Code/My Game/build/_deps/vma-src/docs/html/search/all_2.js", "JavaScript", 0, 0, 0, 0, 0, 0, 0, 0, 0, 0, 0, 0, 0, 0, 0, 0, 0, 21, 0, 1, 22
"/Users/brianpark/Desktop/Code/My Game/build/_deps/vma-src/docs/html/search/all_3.js", "JavaScript", 0, 0, 0, 0, 0, 0, 0, 0, 0, 0, 0, 0, 0, 0, 0, 0, 0, 22, 0, 1, 23
"/Users/brianpark/Desktop/Code/My Game/build/_deps/vma-src/docs/html/search/all_4.js", "JavaScript", 0, 0, 0, 0, 0, 0, 0, 0, 0, 0, 0, 0, 0, 0, 0, 0, 0, 10, 0, 1, 11
"/Users/brianpark/Desktop/Code/My Game/build/_deps/vma-src/docs/html/search/all_5.js", "JavaScript", 0, 0, 0, 0, 0, 0, 0, 0, 0, 0, 0, 0, 0, 0, 0, 0, 0, 12, 0, 1, 13
"/Users/brianpark/Desktop/Code/My Game/build/_deps/vma-src/docs/html/search/all_6.js", "JavaScript", 0, 0, 0, 0, 0, 0, 0, 0, 0, 0, 0, 0, 0, 0, 0, 0, 0, 6, 0, 1, 7
"/Users/brianpark/Desktop/Code/My Game/build/_deps/vma-src/docs/html/search/all_7.js", "JavaScript", 0, 0, 0, 0, 0, 0, 0, 0, 0, 0, 0, 0, 0, 0, 0, 0, 0, 6, 0, 1, 7
"/Users/brianpark/Desktop/Code/My Game/build/_deps/vma-src/docs/html/search/all_8.js", "JavaScript", 0, 0, 0, 0, 0, 0, 0, 0, 0, 0, 0, 0, 0, 0, 0, 0, 0, 13, 0, 1, 14
"/Users/brianpark/Desktop/Code/My Game/build/_deps/vma-src/docs/html/search/all_9.js", "JavaScript", 0, 0, 0, 0, 0, 0, 0, 0, 0, 0, 0, 0, 0, 0, 0, 0, 0, 4, 0, 1, 5
"/Users/brianpark/Desktop/Code/My Game/build/_deps/vma-src/docs/html/search/all_a.js", "JavaScript", 0, 0, 0, 0, 0, 0, 0, 0, 0, 0, 0, 0, 0, 0, 0, 0, 0, 9, 0, 1, 10
"/Users/brianpark/Desktop/Code/My Game/build/_deps/vma-src/docs/html/search/all_b.js", "JavaScript", 0, 0, 0, 0, 0, 0, 0, 0, 0, 0, 0, 0, 0, 0, 0, 0, 0, 33, 0, 1, 34
"/Users/brianpark/Desktop/Code/My Game/build/_deps/vma-src/docs/html/search/all_c.js", "JavaScript", 0, 0, 0, 0, 0, 0, 0, 0, 0, 0, 0, 0, 0, 0, 0, 0, 0, 8, 0, 1, 9
"/Users/brianpark/Desktop/Code/My Game/build/_deps/vma-src/docs/html/search/all_d.js", "JavaScript", 0, 0, 0, 0, 0, 0, 0, 0, 0, 0, 0, 0, 0, 0, 0, 0, 0, 12, 0, 1, 13
"/Users/brianpark/Desktop/Code/My Game/build/_deps/vma-src/docs/html/search/all_e.js", "JavaScript", 0, 0, 0, 0, 0, 0, 0, 0, 0, 0, 0, 0, 0, 0, 0, 0, 0, 33, 0, 1, 34
"/Users/brianpark/Desktop/Code/My Game/build/_deps/vma-src/docs/html/search/all_f.js", "JavaScript", 0, 0, 0, 0, 0, 0, 0, 0, 0, 0, 0, 0, 0, 0, 0, 0, 0, 6, 0, 1, 7
"/Users/brianpark/Desktop/Code/My Game/build/_deps/vma-src/docs/html/search/classes_0.js", "JavaScript", 0, 0, 0, 0, 0, 0, 0, 0, 0, 0, 0, 0, 0, 0, 0, 0, 0, 28, 0, 1, 29
"/Users/brianpark/Desktop/Code/My Game/build/_deps/vma-src/docs/html/search/close.svg", "XML", 0, 0, 0, 0, 0, 0, 0, 0, 0, 0, 0, 0, 0, 0, 0, 0, 18, 0, 0, 1, 19
"/Users/brianpark/Desktop/Code/My Game/build/_deps/vma-src/docs/html/search/defines_0.js", "JavaScript", 0, 0, 0, 0, 0, 0, 0, 0, 0, 0, 0, 0, 0, 0, 0, 0, 0, 5, 0, 1, 6
"/Users/brianpark/Desktop/Code/My Game/build/_deps/vma-src/docs/html/search/enums_0.js", "JavaScript", 0, 0, 0, 0, 0, 0, 0, 0, 0, 0, 0, 0, 0, 0, 0, 0, 0, 11, 0, 1, 12
"/Users/brianpark/Desktop/Code/My Game/build/_deps/vma-src/docs/html/search/enumvalues_0.js", "JavaScript", 0, 0, 0, 0, 0, 0, 0, 0, 0, 0, 0, 0, 0, 0, 0, 0, 0, 65, 0, 1, 66
"/Users/brianpark/Desktop/Code/My Game/build/_deps/vma-src/docs/html/search/files_0.js", "JavaScript", 0, 0, 0, 0, 0, 0, 0, 0, 0, 0, 0, 0, 0, 0, 0, 0, 0, 4, 0, 1, 5
"/Users/brianpark/Desktop/Code/My Game/build/_deps/vma-src/docs/html/search/functions_0.js", "JavaScript", 0, 0, 0, 0, 0, 0, 0, 0, 0, 0, 0, 0, 0, 0, 0, 0, 0, 79, 0, 1, 80
"/Users/brianpark/Desktop/Code/My Game/build/_deps/vma-src/docs/html/search/groups_0.js", "JavaScript", 0, 0, 0, 0, 0, 0, 0, 0, 0, 0, 0, 0, 0, 0, 0, 0, 0, 5, 0, 1, 6
"/Users/brianpark/Desktop/Code/My Game/build/_deps/vma-src/docs/html/search/groups_1.js", "JavaScript", 0, 0, 0, 0, 0, 0, 0, 0, 0, 0, 0, 0, 0, 0, 0, 0, 0, 4, 0, 1, 5
"/Users/brianpark/Desktop/Code/My Game/build/_deps/vma-src/docs/html/search/groups_2.js", "JavaScript", 0, 0, 0, 0, 0, 0, 0, 0, 0, 0, 0, 0, 0, 0, 0, 0, 0, 4, 0, 1, 5
"/Users/brianpark/Desktop/Code/My Game/build/_deps/vma-src/docs/html/search/groups_3.js", "JavaScript", 0, 0, 0, 0, 0, 0, 0, 0, 0, 0, 0, 0, 0, 0, 0, 0, 0, 4, 0, 1, 5
"/Users/brianpark/Desktop/Code/My Game/build/_deps/vma-src/docs/html/search/groups_4.js", "JavaScript", 0, 0, 0, 0, 0, 0, 0, 0, 0, 0, 0, 0, 0, 0, 0, 0, 0, 4, 0, 1, 5
"/Users/brianpark/Desktop/Code/My Game/build/_deps/vma-src/docs/html/search/groups_5.js", "JavaScript", 0, 0, 0, 0, 0, 0, 0, 0, 0, 0, 0, 0, 0, 0, 0, 0, 0, 4, 0, 1, 5
"/Users/brianpark/Desktop/Code/My Game/build/_deps/vma-src/docs/html/search/mag.svg", "XML", 0, 0, 0, 0, 0, 0, 0, 0, 0, 0, 0, 0, 0, 0, 0, 0, 24, 0, 0, 1, 25
"/Users/brianpark/Desktop/Code/My Game/build/_deps/vma-src/docs/html/search/mag_d.svg", "XML", 0, 0, 0, 0, 0, 0, 0, 0, 0, 0, 0, 0, 0, 0, 0, 0, 24, 0, 0, 1, 25
"/Users/brianpark/Desktop/Code/My Game/build/_deps/vma-src/docs/html/search/mag_sel.svg", "XML", 0, 0, 0, 0, 0, 0, 0, 0, 0, 0, 0, 0, 0, 0, 0, 0, 30, 0, 1, 1, 32
"/Users/brianpark/Desktop/Code/My Game/build/_deps/vma-src/docs/html/search/mag_seld.svg", "XML", 0, 0, 0, 0, 0, 0, 0, 0, 0, 0, 0, 0, 0, 0, 0, 0, 30, 0, 1, 1, 32
"/Users/brianpark/Desktop/Code/My Game/build/_deps/vma-src/docs/html/search/pages_0.js", "JavaScript", 0, 0, 0, 0, 0, 0, 0, 0, 0, 0, 0, 0, 0, 0, 0, 0, 0, 30, 0, 1, 31
"/Users/brianpark/Desktop/Code/My Game/build/_deps/vma-src/docs/html/search/pages_1.js", "JavaScript", 0, 0, 0, 0, 0, 0, 0, 0, 0, 0, 0, 0, 0, 0, 0, 0, 0, 7, 0, 1, 8
"/Users/brianpark/Desktop/Code/My Game/build/_deps/vma-src/docs/html/search/pages_10.js", "JavaScript", 0, 0, 0, 0, 0, 0, 0, 0, 0, 0, 0, 0, 0, 0, 0, 0, 0, 10, 0, 1, 11
"/Users/brianpark/Desktop/Code/My Game/build/_deps/vma-src/docs/html/search/pages_11.js", "JavaScript", 0, 0, 0, 0, 0, 0, 0, 0, 0, 0, 0, 0, 0, 0, 0, 0, 0, 14, 0, 1, 15
"/Users/brianpark/Desktop/Code/My Game/build/_deps/vma-src/docs/html/search/pages_12.js", "JavaScript", 0, 0, 0, 0, 0, 0, 0, 0, 0, 0, 0, 0, 0, 0, 0, 0, 0, 9, 0, 1, 10
"/Users/brianpark/Desktop/Code/My Game/build/_deps/vma-src/docs/html/search/pages_13.js", "JavaScript", 0, 0, 0, 0, 0, 0, 0, 0, 0, 0, 0, 0, 0, 0, 0, 0, 0, 12, 0, 1, 13
"/Users/brianpark/Desktop/Code/My Game/build/_deps/vma-src/docs/html/search/pages_14.js", "JavaScript", 0, 0, 0, 0, 0, 0, 0, 0, 0, 0, 0, 0, 0, 0, 0, 0, 0, 15, 0, 1, 16
"/Users/brianpark/Desktop/Code/My Game/build/_deps/vma-src/docs/html/search/pages_15.js", "JavaScript", 0, 0, 0, 0, 0, 0, 0, 0, 0, 0, 0, 0, 0, 0, 0, 0, 0, 8, 0, 1, 9
"/Users/brianpark/Desktop/Code/My Game/build/_deps/vma-src/docs/html/search/pages_2.js", "JavaScript", 0, 0, 0, 0, 0, 0, 0, 0, 0, 0, 0, 0, 0, 0, 0, 0, 0, 21, 0, 1, 22
"/Users/brianpark/Desktop/Code/My Game/build/_deps/vma-src/docs/html/search/pages_3.js", "JavaScript", 0, 0, 0, 0, 0, 0, 0, 0, 0, 0, 0, 0, 0, 0, 0, 0, 0, 17, 0, 1, 18
"/Users/brianpark/Desktop/Code/My Game/build/_deps/vma-src/docs/html/search/pages_4.js", "JavaScript", 0, 0, 0, 0, 0, 0, 0, 0, 0, 0, 0, 0, 0, 0, 0, 0, 0, 10, 0, 1, 11
"/Users/brianpark/Desktop/Code/My Game/build/_deps/vma-src/docs/html/search/pages_5.js", "JavaScript", 0, 0, 0, 0, 0, 0, 0, 0, 0, 0, 0, 0, 0, 0, 0, 0, 0, 12, 0, 1, 13
"/Users/brianpark/Desktop/Code/My Game/build/_deps/vma-src/docs/html/search/pages_6.js", "JavaScript", 0, 0, 0, 0, 0, 0, 0, 0, 0, 0, 0, 0, 0, 0, 0, 0, 0, 6, 0, 1, 7
"/Users/brianpark/Desktop/Code/My Game/build/_deps/vma-src/docs/html/search/pages_7.js", "JavaScript", 0, 0, 0, 0, 0, 0, 0, 0, 0, 0, 0, 0, 0, 0, 0, 0, 0, 6, 0, 1, 7
"/Users/brianpark/Desktop/Code/My Game/build/_deps/vma-src/docs/html/search/pages_8.js", "JavaScript", 0, 0, 0, 0, 0, 0, 0, 0, 0, 0, 0, 0, 0, 0, 0, 0, 0, 12, 0, 1, 13
"/Users/brianpark/Desktop/Code/My Game/build/_deps/vma-src/docs/html/search/pages_9.js", "JavaScript", 0, 0, 0, 0, 0, 0, 0, 0, 0, 0, 0, 0, 0, 0, 0, 0, 0, 4, 0, 1, 5
"/Users/brianpark/Desktop/Code/My Game/build/_deps/vma-src/docs/html/search/pages_a.js", "JavaScript", 0, 0, 0, 0, 0, 0, 0, 0, 0, 0, 0, 0, 0, 0, 0, 0, 0, 8, 0, 1, 9
"/Users/brianpark/Desktop/Code/My Game/build/_deps/vma-src/docs/html/search/pages_b.js", "JavaScript", 0, 0, 0, 0, 0, 0, 0, 0, 0, 0, 0, 0, 0, 0, 0, 0, 0, 22, 0, 1, 23
"/Users/brianpark/Desktop/Code/My Game/build/_deps/vma-src/docs/html/search/pages_c.js", "JavaScript", 0, 0, 0, 0, 0, 0, 0, 0, 0, 0, 0, 0, 0, 0, 0, 0, 0, 8, 0, 1, 9
"/Users/brianpark/Desktop/Code/My Game/build/_deps/vma-src/docs/html/search/pages_d.js", "JavaScript", 0, 0, 0, 0, 0, 0, 0, 0, 0, 0, 0, 0, 0, 0, 0, 0, 0, 10, 0, 1, 11
"/Users/brianpark/Desktop/Code/My Game/build/_deps/vma-src/docs/html/search/pages_e.js", "JavaScript", 0, 0, 0, 0, 0, 0, 0, 0, 0, 0, 0, 0, 0, 0, 0, 0, 0, 11, 0, 1, 12
"/Users/brianpark/Desktop/Code/My Game/build/_deps/vma-src/docs/html/search/pages_f.js", "JavaScript", 0, 0, 0, 0, 0, 0, 0, 0, 0, 0, 0, 0, 0, 0, 0, 0, 0, 6, 0, 1, 7
"/Users/brianpark/Desktop/Code/My Game/build/_deps/vma-src/docs/html/search/search.css", "PostCSS", 0, 0, 0, 0, 0, 0, 0, 0, 0, 0, 0, 304, 0, 0, 0, 0, 0, 0, 9, 65, 378
"/Users/brianpark/Desktop/Code/My Game/build/_deps/vma-src/docs/html/search/search.js", "JavaScript", 0, 0, 0, 0, 0, 0, 0, 0, 0, 0, 0, 0, 0, 0, 0, 0, 0, 580, 60, 69, 709
"/Users/brianpark/Desktop/Code/My Game/build/_deps/vma-src/docs/html/search/searchdata.js", "JavaScript", 0, 0, 0, 0, 0, 0, 0, 0, 0, 0, 0, 0, 0, 0, 0, 0, 0, 42, 0, 4, 46
"/Users/brianpark/Desktop/Code/My Game/build/_deps/vma-src/docs/html/search/typedefs_0.js", "JavaScript", 0, 0, 0, 0, 0, 0, 0, 0, 0, 0, 0, 0, 0, 0, 0, 0, 0, 6, 0, 1, 7
"/Users/brianpark/Desktop/Code/My Game/build/_deps/vma-src/docs/html/search/typedefs_1.js", "JavaScript", 0, 0, 0, 0, 0, 0, 0, 0, 0, 0, 0, 0, 0, 0, 0, 0, 0, 36, 0, 1, 37
"/Users/brianpark/Desktop/Code/My Game/build/_deps/vma-src/docs/html/search/variables_0.js", "JavaScript", 0, 0, 0, 0, 0, 0, 0, 0, 0, 0, 0, 0, 0, 0, 0, 0, 0, 10, 0, 1, 11
"/Users/brianpark/Desktop/Code/My Game/build/_deps/vma-src/docs/html/search/variables_1.js", "JavaScript", 0, 0, 0, 0, 0, 0, 0, 0, 0, 0, 0, 0, 0, 0, 0, 0, 0, 9, 0, 1, 10
"/Users/brianpark/Desktop/Code/My Game/build/_deps/vma-src/docs/html/search/variables_2.js", "JavaScript", 0, 0, 0, 0, 0, 0, 0, 0, 0, 0, 0, 0, 0, 0, 0, 0, 0, 8, 0, 1, 9
"/Users/brianpark/Desktop/Code/My Game/build/_deps/vma-src/docs/html/search/variables_3.js", "JavaScript", 0, 0, 0, 0, 0, 0, 0, 0, 0, 0, 0, 0, 0, 0, 0, 0, 0, 4, 0, 1, 5
"/Users/brianpark/Desktop/Code/My Game/build/_deps/vma-src/docs/html/search/variables_4.js", "JavaScript", 0, 0, 0, 0, 0, 0, 0, 0, 0, 0, 0, 0, 0, 0, 0, 0, 0, 4, 0, 1, 5
"/Users/brianpark/Desktop/Code/My Game/build/_deps/vma-src/docs/html/search/variables_5.js", "JavaScript", 0, 0, 0, 0, 0, 0, 0, 0, 0, 0, 0, 0, 0, 0, 0, 0, 0, 14, 0, 1, 15
"/Users/brianpark/Desktop/Code/My Game/build/_deps/vma-src/docs/html/search/variables_6.js", "JavaScript", 0, 0, 0, 0, 0, 0, 0, 0, 0, 0, 0, 0, 0, 0, 0, 0, 0, 5, 0, 1, 6
"/Users/brianpark/Desktop/Code/My Game/build/_deps/vma-src/docs/html/search/variables_7.js", "JavaScript", 0, 0, 0, 0, 0, 0, 0, 0, 0, 0, 0, 0, 0, 0, 0, 0, 0, 22, 0, 1, 23
"/Users/brianpark/Desktop/Code/My Game/build/_deps/vma-src/docs/html/search/variables_8.js", "JavaScript", 0, 0, 0, 0, 0, 0, 0, 0, 0, 0, 0, 0, 0, 0, 0, 0, 0, 4, 0, 1, 5
"/Users/brianpark/Desktop/Code/My Game/build/_deps/vma-src/docs/html/search/variables_9.js", "JavaScript", 0, 0, 0, 0, 0, 0, 0, 0, 0, 0, 0, 0, 0, 0, 0, 0, 0, 6, 0, 1, 7
"/Users/brianpark/Desktop/Code/My Game/build/_deps/vma-src/docs/html/search/variables_a.js", "JavaScript", 0, 0, 0, 0, 0, 0, 0, 0, 0, 0, 0, 0, 0, 0, 0, 0, 0, 4, 0, 1, 5
"/Users/brianpark/Desktop/Code/My Game/build/_deps/vma-src/docs/html/search/variables_b.js", "JavaScript", 0, 0, 0, 0, 0, 0, 0, 0, 0, 0, 0, 0, 0, 0, 0, 0, 0, 7, 0, 1, 8
"/Users/brianpark/Desktop/Code/My Game/build/_deps/vma-src/docs/html/search/variables_c.js", "JavaScript", 0, 0, 0, 0, 0, 0, 0, 0, 0, 0, 0, 0, 0, 0, 0, 0, 0, 30, 0, 1, 31
"/Users/brianpark/Desktop/Code/My Game/build/_deps/vma-src/docs/html/statistics.html", "HTML", 0, 0, 0, 0, 0, 0, 0, 0, 0, 0, 0, 0, 0, 136, 0, 0, 0, 0, 5, 3, 144
"/Users/brianpark/Desktop/Code/My Game/build/_deps/vma-src/docs/html/staying_within_budget.html", "HTML", 0, 0, 0, 0, 0, 0, 0, 0, 0, 0, 0, 0, 0, 135, 0, 0, 0, 0, 5, 3, 143
"/Users/brianpark/Desktop/Code/My Game/build/_deps/vma-src/docs/html/struct_vma_allocation.html", "HTML", 0, 0, 0, 0, 0, 0, 0, 0, 0, 0, 0, 0, 0, 115, 0, 0, 0, 0, 5, 4, 124
"/Users/brianpark/Desktop/Code/My Game/build/_deps/vma-src/docs/html/struct_vma_allocation_create_info-members.html", "HTML", 0, 0, 0, 0, 0, 0, 0, 0, 0, 0, 0, 0, 0, 115, 0, 0, 0, 0, 5, 4, 124
"/Users/brianpark/Desktop/Code/My Game/build/_deps/vma-src/docs/html/struct_vma_allocation_create_info.html", "HTML", 0, 0, 0, 0, 0, 0, 0, 0, 0, 0, 0, 0, 0, 268, 0, 0, 0, 0, 5, 31, 304
"/Users/brianpark/Desktop/Code/My Game/build/_deps/vma-src/docs/html/struct_vma_allocation_info-members.html", "HTML", 0, 0, 0, 0, 0, 0, 0, 0, 0, 0, 0, 0, 0, 113, 0, 0, 0, 0, 5, 4, 122
"/Users/brianpark/Desktop/Code/My Game/build/_deps/vma-src/docs/html/struct_vma_allocation_info.html", "HTML", 0, 0, 0, 0, 0, 0, 0, 0, 0, 0, 0, 0, 0, 235, 0, 0, 0, 0, 5, 24, 264
"/Users/brianpark/Desktop/Code/My Game/build/_deps/vma-src/docs/html/struct_vma_allocation_info2-members.html", "HTML", 0, 0, 0, 0, 0, 0, 0, 0, 0, 0, 0, 0, 0, 109, 0, 0, 0, 0, 5, 4, 118
"/Users/brianpark/Desktop/Code/My Game/build/_deps/vma-src/docs/html/struct_vma_allocation_info2.html", "HTML", 0, 0, 0, 0, 0, 0, 0, 0, 0, 0, 0, 0, 0, 167, 0, 0, 0, 0, 5, 13, 185
"/Users/brianpark/Desktop/Code/My Game/build/_deps/vma-src/docs/html/struct_vma_allocator.html", "HTML", 0, 0, 0, 0, 0, 0, 0, 0, 0, 0, 0, 0, 0, 113, 0, 0, 0, 0, 5, 4, 122
"/Users/brianpark/Desktop/Code/My Game/build/_deps/vma-src/docs/html/struct_vma_allocator_create_info-members.html", "HTML", 0, 0, 0, 0, 0, 0, 0, 0, 0, 0, 0, 0, 0, 117, 0, 0, 0, 0, 5, 4, 126
"/Users/brianpark/Desktop/Code/My Game/build/_deps/vma-src/docs/html/struct_vma_allocator_create_info.html", "HTML", 0, 0, 0, 0, 0, 0, 0, 0, 0, 0, 0, 0, 0, 302, 0, 0, 0, 0, 5, 37, 344
"/Users/brianpark/Desktop/Code/My Game/build/_deps/vma-src/docs/html/struct_vma_allocator_info-members.html", "HTML", 0, 0, 0, 0, 0, 0, 0, 0, 0, 0, 0, 0, 0, 109, 0, 0, 0, 0, 5, 4, 118
"/Users/brianpark/Desktop/Code/My Game/build/_deps/vma-src/docs/html/struct_vma_allocator_info.html", "HTML", 0, 0, 0, 0, 0, 0, 0, 0, 0, 0, 0, 0, 0, 167, 0, 0, 0, 0, 5, 13, 185
"/Users/brianpark/Desktop/Code/My Game/build/_deps/vma-src/docs/html/struct_vma_budget-members.html", "HTML", 0, 0, 0, 0, 0, 0, 0, 0, 0, 0, 0, 0, 0, 109, 0, 0, 0, 0, 5, 4, 118
"/Users/brianpark/Desktop/Code/My Game/build/_deps/vma-src/docs/html/struct_vma_budget.html", "HTML", 0, 0, 0, 0, 0, 0, 0, 0, 0, 0, 0, 0, 0, 169, 0, 0, 0, 0, 5, 13, 187
"/Users/brianpark/Desktop/Code/My Game/build/_deps/vma-src/docs/html/struct_vma_defragmentation_context.html", "HTML", 0, 0, 0, 0, 0, 0, 0, 0, 0, 0, 0, 0, 0, 112, 0, 0, 0, 0, 5, 4, 121
"/Users/brianpark/Desktop/Code/My Game/build/_deps/vma-src/docs/html/struct_vma_defragmentation_info-members.html", "HTML", 0, 0, 0, 0, 0, 0, 0, 0, 0, 0, 0, 0, 0, 112, 0, 0, 0, 0, 5, 4, 121
"/Users/brianpark/Desktop/Code/My Game/build/_deps/vma-src/docs/html/struct_vma_defragmentation_info.html", "HTML", 0, 0, 0, 0, 0, 0, 0, 0, 0, 0, 0, 0, 0, 214, 0, 0, 0, 0, 5, 22, 241
"/Users/brianpark/Desktop/Code/My Game/build/_deps/vma-src/docs/html/struct_vma_defragmentation_move-members.html", "HTML", 0, 0, 0, 0, 0, 0, 0, 0, 0, 0, 0, 0, 0, 109, 0, 0, 0, 0, 5, 4, 118
"/Users/brianpark/Desktop/Code/My Game/build/_deps/vma-src/docs/html/struct_vma_defragmentation_move.html", "HTML", 0, 0, 0, 0, 0, 0, 0, 0, 0, 0, 0, 0, 0, 165, 0, 0, 0, 0, 5, 13, 183
"/Users/brianpark/Desktop/Code/My Game/build/_deps/vma-src/docs/html/struct_vma_defragmentation_pass_move_info-members.html", "HTML", 0, 0, 0, 0, 0, 0, 0, 0, 0, 0, 0, 0, 0, 108, 0, 0, 0, 0, 5, 4, 117
"/Users/brianpark/Desktop/Code/My Game/build/_deps/vma-src/docs/html/struct_vma_defragmentation_pass_move_info.html", "HTML", 0, 0, 0, 0, 0, 0, 0, 0, 0, 0, 0, 0, 0, 166, 0, 0, 0, 0, 5, 10, 181
"/Users/brianpark/Desktop/Code/My Game/build/_deps/vma-src/docs/html/struct_vma_defragmentation_stats-members.html", "HTML", 0, 0, 0, 0, 0, 0, 0, 0, 0, 0, 0, 0, 0, 110, 0, 0, 0, 0, 5, 4, 119
"/Users/brianpark/Desktop/Code/My Game/build/_deps/vma-src/docs/html/struct_vma_defragmentation_stats.html", "HTML", 0, 0, 0, 0, 0, 0, 0, 0, 0, 0, 0, 0, 0, 179, 0, 0, 0, 0, 5, 16, 200
"/Users/brianpark/Desktop/Code/My Game/build/_deps/vma-src/docs/html/struct_vma_detailed_statistics-members.html", "HTML", 0, 0, 0, 0, 0, 0, 0, 0, 0, 0, 0, 0, 0, 112, 0, 0, 0, 0, 5, 4, 121
"/Users/brianpark/Desktop/Code/My Game/build/_deps/vma-src/docs/html/struct_vma_detailed_statistics.html", "HTML", 0, 0, 0, 0, 0, 0, 0, 0, 0, 0, 0, 0, 0, 214, 0, 0, 0, 0, 5, 22, 241
"/Users/brianpark/Desktop/Code/My Game/build/_deps/vma-src/docs/html/struct_vma_device_memory_callbacks-members.html", "HTML", 0, 0, 0, 0, 0, 0, 0, 0, 0, 0, 0, 0, 0, 109, 0, 0, 0, 0, 5, 4, 118
"/Users/brianpark/Desktop/Code/My Game/build/_deps/vma-src/docs/html/struct_vma_device_memory_callbacks.html", "HTML", 0, 0, 0, 0, 0, 0, 0, 0, 0, 0, 0, 0, 0, 166, 0, 0, 0, 0, 5, 13, 184
"/Users/brianpark/Desktop/Code/My Game/build/_deps/vma-src/docs/html/struct_vma_pool.html", "HTML", 0, 0, 0, 0, 0, 0, 0, 0, 0, 0, 0, 0, 0, 113, 0, 0, 0, 0, 5, 4, 122
"/Users/brianpark/Desktop/Code/My Game/build/_deps/vma-src/docs/html/struct_vma_pool_create_info-members.html", "HTML", 0, 0, 0, 0, 0, 0, 0, 0, 0, 0, 0, 0, 0, 114, 0, 0, 0, 0, 5, 4, 123
"/Users/brianpark/Desktop/Code/My Game/build/_deps/vma-src/docs/html/struct_vma_pool_create_info.html", "HTML", 0, 0, 0, 0, 0, 0, 0, 0, 0, 0, 0, 0, 0, 249, 0, 0, 0, 0, 5, 28, 282
"/Users/brianpark/Desktop/Code/My Game/build/_deps/vma-src/docs/html/struct_vma_statistics-members.html", "HTML", 0, 0, 0, 0, 0, 0, 0, 0, 0, 0, 0, 0, 0, 110, 0, 0, 0, 0, 5, 4, 119
"/Users/brianpark/Desktop/Code/My Game/build/_deps/vma-src/docs/html/struct_vma_statistics.html", "HTML", 0, 0, 0, 0, 0, 0, 0, 0, 0, 0, 0, 0, 0, 183, 0, 0, 0, 0, 5, 16, 204
"/Users/brianpark/Desktop/Code/My Game/build/_deps/vma-src/docs/html/struct_vma_total_statistics-members.html", "HTML", 0, 0, 0, 0, 0, 0, 0, 0, 0, 0, 0, 0, 0, 109, 0, 0, 0, 0, 5, 4, 118
"/Users/brianpark/Desktop/Code/My Game/build/_deps/vma-src/docs/html/struct_vma_total_statistics.html", "HTML", 0, 0, 0, 0, 0, 0, 0, 0, 0, 0, 0, 0, 0, 159, 0, 0, 0, 0, 5, 10, 174
"/Users/brianpark/Desktop/Code/My Game/build/_deps/vma-src/docs/html/struct_vma_virtual_allocation.html", "HTML", 0, 0, 0, 0, 0, 0, 0, 0, 0, 0, 0, 0, 0, 113, 0, 0, 0, 0, 5, 4, 122
"/Users/brianpark/Desktop/Code/My Game/build/_deps/vma-src/docs/html/struct_vma_virtual_allocation_create_info-members.html", "HTML", 0, 0, 0, 0, 0, 0, 0, 0, 0, 0, 0, 0, 0, 110, 0, 0, 0, 0, 5, 4, 119
"/Users/brianpark/Desktop/Code/My Game/build/_deps/vma-src/docs/html/struct_vma_virtual_allocation_create_info.html", "HTML", 0, 0, 0, 0, 0, 0, 0, 0, 0, 0, 0, 0, 0, 182, 0, 0, 0, 0, 5, 16, 203
"/Users/brianpark/Desktop/Code/My Game/build/_deps/vma-src/docs/html/struct_vma_virtual_allocation_info-members.html", "HTML", 0, 0, 0, 0, 0, 0, 0, 0, 0, 0, 0, 0, 0, 109, 0, 0, 0, 0, 5, 4, 118
"/Users/brianpark/Desktop/Code/My Game/build/_deps/vma-src/docs/html/struct_vma_virtual_allocation_info.html", "HTML", 0, 0, 0, 0, 0, 0, 0, 0, 0, 0, 0, 0, 0, 167, 0, 0, 0, 0, 5, 13, 185
"/Users/brianpark/Desktop/Code/My Game/build/_deps/vma-src/docs/html/struct_vma_virtual_block.html", "HTML", 0, 0, 0, 0, 0, 0, 0, 0, 0, 0, 0, 0, 0, 113, 0, 0, 0, 0, 5, 4, 122
"/Users/brianpark/Desktop/Code/My Game/build/_deps/vma-src/docs/html/struct_vma_virtual_block_create_info-members.html", "HTML", 0, 0, 0, 0, 0, 0, 0, 0, 0, 0, 0, 0, 0, 109, 0, 0, 0, 0, 5, 4, 118
"/Users/brianpark/Desktop/Code/My Game/build/_deps/vma-src/docs/html/struct_vma_virtual_block_create_info.html", "HTML", 0, 0, 0, 0, 0, 0, 0, 0, 0, 0, 0, 0, 0, 166, 0, 0, 0, 0, 5, 13, 184
"/Users/brianpark/Desktop/Code/My Game/build/_deps/vma-src/docs/html/struct_vma_vulkan_functions-members.html", "HTML", 0, 0, 0, 0, 0, 0, 0, 0, 0, 0, 0, 0, 0, 132, 0, 0, 0, 0, 5, 4, 141
"/Users/brianpark/Desktop/Code/My Game/build/_deps/vma-src/docs/html/struct_vma_vulkan_functions.html", "HTML", 0, 0, 0, 0, 0, 0, 0, 0, 0, 0, 0, 0, 0, 474, 0, 0, 0, 0, 5, 64, 543
"/Users/brianpark/Desktop/Code/My Game/build/_deps/vma-src/docs/html/tabs.css", "PostCSS", 0, 0, 0, 0, 0, 0, 0, 0, 0, 0, 0, 402, 0, 0, 0, 0, 0, 0, 0, 81, 483
"/Users/brianpark/Desktop/Code/My Game/build/_deps/vma-src/docs/html/topics.html", "HTML", 0, 0, 0, 0, 0, 0, 0, 0, 0, 0, 0, 0, 0, 112, 0, 0, 0, 0, 5, 3, 120
"/Users/brianpark/Desktop/Code/My Game/build/_deps/vma-src/docs/html/usage_patterns.html", "HTML", 0, 0, 0, 0, 0, 0, 0, 0, 0, 0, 0, 0, 0, 330, 0, 0, 0, 0, 5, 3, 338
"/Users/brianpark/Desktop/Code/My Game/build/_deps/vma-src/docs/html/virtual_allocator.html", "HTML", 0, 0, 0, 0, 0, 0, 0, 0, 0, 0, 0, 0, 0, 215, 0, 0, 0, 0, 5, 3, 223
"/Users/brianpark/Desktop/Code/My Game/build/_deps/vma-src/docs/html/vk__mem__alloc_8h.html", "HTML", 0, 0, 0, 0, 0, 0, 0, 0, 0, 0, 0, 0, 0, 512, 0, 0, 0, 0, 5, 7, 524
"/Users/brianpark/Desktop/Code/My Game/build/_deps/vma-src/docs/html/vk_amd_device_coherent_memory.html", "HTML", 0, 0, 0, 0, 0, 0, 0, 0, 0, 0, 0, 0, 0, 130, 0, 0, 0, 0, 5, 3, 138
"/Users/brianpark/Desktop/Code/My Game/build/_deps/vma-src/docs/html/vk_ext_memory_priority.html", "HTML", 0, 0, 0, 0, 0, 0, 0, 0, 0, 0, 0, 0, 0, 162, 0, 0, 0, 0, 5, 3, 170
"/Users/brianpark/Desktop/Code/My Game/build/_deps/vma-src/docs/html/vk_khr_dedicated_allocation.html", "HTML", 0, 0, 0, 0, 0, 0, 0, 0, 0, 0, 0, 0, 0, 133, 0, 0, 0, 0, 5, 3, 141
"/Users/brianpark/Desktop/Code/My Game/build/_deps/vma-src/docs/html/vk_khr_external_memory_win32.html", "HTML", 0, 0, 0, 0, 0, 0, 0, 0, 0, 0, 0, 0, 0, 196, 0, 0, 0, 0, 5, 3, 204
"/Users/brianpark/Desktop/Code/My Game/build/_deps/vma-src/include/vk_mem_alloc.h", "C++", 12337, 0, 0, 0, 0, 0, 0, 0, 0, 0, 0, 0, 0, 0, 0, 0, 0, 0, 5736, 1903, 19976
"/Users/brianpark/Desktop/Code/My Game/build/_deps/vma-src/src/CMakeLists.txt", "CMake", 0, 0, 0, 60, 0, 0, 0, 0, 0, 0, 0, 0, 0, 0, 0, 0, 0, 0, 26, 16, 102
"/Users/brianpark/Desktop/Code/My Game/build/_deps/vma-src/src/Common.cpp", "C++", 263, 0, 0, 0, 0, 0, 0, 0, 0, 0, 0, 0, 0, 0, 0, 0, 0, 0, 29, 37, 329
"/Users/brianpark/Desktop/Code/My Game/build/_deps/vma-src/src/Common.h", "C++", 265, 0, 0, 0, 0, 0, 0, 0, 0, 0, 0, 0, 0, 0, 0, 0, 0, 0, 23, 52, 340
"/Users/brianpark/Desktop/Code/My Game/build/_deps/vma-src/src/Shaders/CMakeLists.txt", "CMake", 0, 0, 0, 26, 0, 0, 0, 0, 0, 0, 0, 0, 0, 0, 0, 0, 0, 0, 26, 11, 63
"/Users/brianpark/Desktop/Code/My Game/build/_deps/vma-src/src/Shaders/CompileShaders.bat", "Batch", 0, 0, 0, 0, 0, 0, 0, 0, 4, 0, 0, 0, 0, 0, 0, 0, 0, 0, 0, 1, 5
"/Users/brianpark/Desktop/Code/My Game/build/_deps/vma-src/src/Shaders/Shader.frag", "GLSL", 0, 0, 0, 0, 0, 0, 0, 11, 0, 0, 0, 0, 0, 0, 0, 0, 0, 0, 21, 6, 38
"/Users/brianpark/Desktop/Code/My Game/build/_deps/vma-src/src/Shaders/Shader.vert", "GLSL", 0, 0, 0, 0, 0, 0, 0, 16, 0, 0, 0, 0, 0, 0, 0, 0, 0, 0, 21, 6, 43
"/Users/brianpark/Desktop/Code/My Game/build/_deps/vma-src/src/SparseBindingTest.cpp", "C++", 428, 0, 0, 0, 0, 0, 0, 0, 0, 0, 0, 0, 0, 0, 0, 0, 0, 0, 62, 99, 589
"/Users/brianpark/Desktop/Code/My Game/build/_deps/vma-src/src/SparseBindingTest.h", "C++", 4, 0, 0, 0, 0, 0, 0, 0, 0, 0, 0, 0, 0, 0, 0, 0, 0, 0, 21, 5, 30
"/Users/brianpark/Desktop/Code/My Game/build/_deps/vma-src/src/Tests.cpp", "C++", 7063, 0, 0, 0, 0, 0, 0, 0, 0, 0, 0, 0, 0, 0, 0, 0, 0, 0, 544, 1338, 8945
"/Users/brianpark/Desktop/Code/My Game/build/_deps/vma-src/src/Tests.h", "C++", 6, 0, 0, 0, 0, 0, 0, 0, 0, 0, 0, 0, 0, 0, 0, 0, 0, 0, 21, 6, 33
"/Users/brianpark/Desktop/Code/My Game/build/_deps/vma-src/src/VmaUsage.cpp", "C++", 2, 0, 0, 0, 0, 0, 0, 0, 0, 0, 0, 0, 0, 0, 0, 0, 0, 0, 25, 4, 31
"/Users/brianpark/Desktop/Code/My Game/build/_deps/vma-src/src/VmaUsage.h", "C++", 48, 0, 0, 0, 0, 0, 0, 0, 0, 0, 0, 0, 0, 0, 0, 0, 0, 0, 48, 24, 120
"/Users/brianpark/Desktop/Code/My Game/build/_deps/vma-src/src/VolkUsage.cpp", "C++", 4, 0, 0, 0, 0, 0, 0, 0, 0, 0, 0, 0, 0, 0, 0, 0, 0, 0, 21, 4, 29
"/Users/brianpark/Desktop/Code/My Game/build/_deps/vma-src/src/VulkanSample.cpp", "C++", 2318, 0, 0, 0, 0, 0, 0, 0, 0, 0, 0, 0, 0, 0, 0, 0, 0, 0, 91, 403, 2812
"/Users/brianpark/Desktop/Code/My Game/build/_deps/vma-src/tools/GpuMemDumpVis/GpuMemDump.schema.json", "JSON", 0, 0, 163, 0, 0, 0, 0, 0, 0, 0, 0, 0, 0, 0, 0, 0, 0, 0, 0, 1, 164
"/Users/brianpark/Desktop/Code/My Game/build/_deps/vma-src/tools/GpuMemDumpVis/GpuMemDumpVis.py", "Python", 0, 0, 0, 0, 0, 0, 0, 0, 0, 0, 0, 0, 0, 0, 254, 0, 0, 0, 55, 26, 335
"/Users/brianpark/Desktop/Code/My Game/build/_deps/vma-src/tools/GpuMemDumpVis/README.md", "Markdown", 0, 0, 0, 0, 0, 0, 35, 0, 0, 0, 0, 0, 0, 0, 0, 0, 0, 0, 0, 15, 50
"/Users/brianpark/Desktop/Code/My Game/build/_deps/vma-src/tools/GpuMemDumpVis/Sample.json", "JSON", 0, 0, 426, 0, 0, 0, 0, 0, 0, 0, 0, 0, 0, 0, 0, 0, 0, 0, 0, 0, 426
"/Users/brianpark/Desktop/Code/My Game/build/cmake_install.cmake", "CMake", 0, 0, 0, 54, 0, 0, 0, 0, 0, 0, 0, 0, 0, 0, 0, 0, 0, 0, 8, 10, 72
"/Users/brianpark/Desktop/Code/My Game/build/compile_commands.json", "JSON", 0, 0, 56, 0, 0, 0, 0, 0, 0, 0, 0, 0, 0, 0, 0, 0, 0, 0, 0, 1, 57
"/Users/brianpark/Desktop/Code/My Game/scenes/Scene1.gltf", "JSON", 0, 0, 256, 0, 0, 0, 0, 0, 0, 0, 0, 0, 0, 0, 0, 0, 0, 0, 0, 0, 256
"/Users/brianpark/Desktop/Code/My Game/src/MeshBuffers.hpp", "C++", 13, 0, 0, 0, 0, 0, 0, 0, 0, 0, 0, 0, 0, 0, 0, 0, 0, 0, 2, 9, 24
"/Users/brianpark/Desktop/Code/My Game/src/ModelInstance.hpp", "C++", 17, 0, 0, 0, 0, 0, 0, 0, 0, 0, 0, 0, 0, 0, 0, 0, 0, 0, 0, 5, 22
"/Users/brianpark/Desktop/Code/My Game/src/Scene.hpp", "C++", 73, 0, 0, 0, 0, 0, 0, 0, 0, 0, 0, 0, 0, 0, 0, 0, 0, 0, 0, 16, 89
"/Users/brianpark/Desktop/Code/My Game/src/Vertex.hpp", "C++", 25, 0, 0, 0, 0, 0, 0, 0, 0, 0, 0, 0, 0, 0, 0, 0, 0, 0, 2, 7, 34
"/Users/brianpark/Desktop/Code/My Game/src/VulkanInterface.hpp", "C++", 187, 0, 0, 0, 0, 0, 0, 0, 0, 0, 0, 0, 0, 0, 0, 0, 0, 0, 5, 50, 242
"/Users/brianpark/Desktop/Code/My Game/src/VulkanInterfaceDraw.cpp", "C++", 172, 0, 0, 0, 0, 0, 0, 0, 0, 0, 0, 0, 0, 0, 0, 0, 0, 0, 3, 20, 195
"/Users/brianpark/Desktop/Code/My Game/src/VulkanInterfaceHelpers.cpp", "C++", 348, 0, 0, 0, 0, 0, 0, 0, 0, 0, 0, 0, 0, 0, 0, 0, 0, 0, 3, 36, 387
"/Users/brianpark/Desktop/Code/My Game/src/VulkanInterfaceInit.cpp", "C++", 250, 0, 0, 0, 0, 0, 0, 0, 0, 0, 0, 0, 0, 0, 0, 0, 0, 0, 3, 30, 283
"/Users/brianpark/Desktop/Code/My Game/src/VulkanInterfaceLoadScene.cpp", "C++", 512, 0, 0, 0, 0, 0, 0, 0, 0, 0, 0, 0, 0, 0, 0, 0, 0, 0, 0, 46, 558
"/Users/brianpark/Desktop/Code/My Game/src/main.cpp", "C++", 15, 0, 0, 0, 0, 0, 0, 0, 0, 0, 0, 0, 0, 0, 0, 0, 0, 0, 0, 6, 21
"/Users/brianpark/Desktop/Code/My Game/src/shader.slang", "Slang", 0, 38, 0, 0, 0, 0, 0, 0, 0, 0, 0, 0, 0, 0, 0, 0, 0, 0, 0, 7, 45
"Total", "-", 40085, 38, 6920, 1966, 556, 4981, 533, 27, 4, 712, 876, 3101, 3, 18394, 254, 43, 263, 2835, 9866, 10570, 102027